lr,batch_size,dropout,fold,trained_epochs,train_loss,train_acc,train_UF1,train_UAR,train_f1_micro,train_recall_micro,val_loss,val_acc,val_UF1,val_UAR,val_f1_micro,val_recall_micro,train_time_sec
5e-05,128,0.0,0,1,0.1372728343839388,0.9501514272826858,0.9414582451436634,0.926255758276346,0.9501514272826858,0.9501514272826858,0.011824460700154305,1.0,1.0,1.0,1.0,1.0,263.3446776866913
5e-05,128,0.0,1,1,0.11659444117398844,0.9564881664800586,0.9462085600827574,0.9359249218054758,0.9564881664800586,0.9564881664800586,4.04477212236717e-05,1.0,1.0,1.0,1.0,1.0,248.3464903831482
5e-05,128,0.0,2,1,0.13817692362932052,0.9483324960389535,0.9371261217283345,0.9259041721355322,0.9483324960389535,0.9483324960389535,5.72519566048868e-05,1.0,1.0,1.0,1.0,1.0,241.81422019004822
5e-05,128,0.0,3,1,0.14524336588174275,0.9464785102132869,0.9349192747481149,0.919188436138514,0.9464785102132869,0.9464785102132869,0.00010028149699792266,1.0,1.0,1.0,1.0,1.0,244.95632314682007
5e-05,128,0.0,4,1,0.12926796648625868,0.9542019132965095,0.9436965230274409,0.9279944787242588,0.9542019132965095,0.9542019132965095,0.0002267039817525074,1.0,1.0,1.0,1.0,1.0,246.01488327980042
5e-05,128,0.0,5,1,0.13734780923641865,0.9494414595493023,0.9319592756039428,0.9246864548553942,0.9494414595493023,0.9494414595493023,4.461919888854027e-05,1.0,1.0,1.0,1.0,1.0,246.13513708114624
5e-05,128,0.0,6,1,0.14001285858445456,0.9477914750550682,0.9370146922908787,0.926602556514139,0.9477914750550682,0.9477914750550682,3.645166361820884e-05,1.0,1.0,1.0,1.0,1.0,243.19581842422485
5e-05,128,0.0,7,1,0.10679263252075122,0.9612166221844015,0.952916901615993,0.941730355499241,0.9612166221844015,0.9612166221844015,6.435469549614936e-05,1.0,1.0,1.0,1.0,1.0,242.97483086585999
5e-05,128,0.0,8,1,0.12866904587806222,0.9531252009930665,0.9459936030044119,0.9310068030785853,0.9531252009930665,0.9531252009930665,0.00010322529579762068,1.0,1.0,1.0,1.0,1.0,248.23042678833008
5e-05,128,0.0,9,1,0.11742807702691234,0.9574904266429428,0.9474756740579368,0.9359533645338636,0.9574904266429428,0.9574904266429428,0.005853760521858931,1.0,1.0,1.0,1.0,1.0,244.7472960948944
5e-05,128,0.0,10,1,0.12743736662955937,0.9532294847512659,0.9417121523519129,0.9304260273708681,0.9532294847512659,0.9532294847512659,4.634220204025041e-06,1.0,1.0,1.0,1.0,1.0,245.3894476890564
5e-05,128,0.0,11,1,0.13760745965945226,0.9493561790092488,0.9426485554394088,0.9279266696281749,0.9493561790092488,0.9493561790092488,4.265068614907737e-05,1.0,1.0,1.0,1.0,1.0,247.67440938949585
5e-05,128,0.0,12,1,0.1363459817256066,0.9505523544349485,0.9390917164317699,0.9259803643346948,0.9505523544349485,0.9505523544349485,2.8251719413674437e-05,1.0,1.0,1.0,1.0,1.0,247.2380759716034
5e-05,128,0.0,13,1,0.15763759455929816,0.9419292480185579,0.9322576534205895,0.9124199294581105,0.9419292480185579,0.9419292480185579,7.725860632490367e-05,1.0,1.0,1.0,1.0,1.0,248.45359563827515
5e-05,128,0.0,14,1,0.14280013733656993,0.9482956376055158,0.9397386483857693,0.9236524714492248,0.9482956376055158,0.9482956376055158,8.178502321243286e-05,1.0,1.0,1.0,1.0,1.0,248.36208319664001
5e-05,128,0.0,15,1,0.15996442506336267,0.9408209291835814,0.9329312230788811,0.9170058329885458,0.9408209291835814,0.9408209291835814,0.0005736019811592996,1.0,1.0,1.0,1.0,1.0,244.08114314079285
5e-05,128,0.0,16,1,0.170533077159768,0.9392461764894093,0.9300543663291899,0.909684466569995,0.9392461764894093,0.9392461764894093,5.0826235635614534e-05,1.0,1.0,1.0,1.0,1.0,251.56419205665588
5e-05,128,0.0,18,1,0.15831916654034747,0.9422950819672131,0.9317037798623096,0.9154447606286676,0.9422950819672131,0.9422950819672131,9.077173967658677e-05,1.0,1.0,1.0,1.0,1.0,247.93388199806213
5e-05,128,0.0,19,1,0.12477330294703959,0.9536073836317466,0.9402466299848138,0.9303687240941736,0.9536073836317466,0.9536073836317466,2.1006813767598942e-05,1.0,1.0,1.0,1.0,1.0,244.0527286529541
5e-05,128,0.0,20,1,0.13119102224820317,0.952655397826171,0.9377333685085407,0.9295238604880508,0.952655397826171,0.952655397826171,0.0024494582321494818,1.0,1.0,1.0,1.0,1.0,243.31007838249207
5e-05,128,0.0,21,1,0.13384492181859456,0.9515449166634441,0.9352921386160234,0.9258256129425452,0.9515449166634441,0.9515449166634441,3.339456088724546e-05,1.0,1.0,1.0,1.0,1.0,244.04394698143005
5e-05,128,0.0,22,1,0.12343069460786336,0.9557057346978182,0.9463226909049903,0.9313482977777183,0.9557057346978182,0.9557057346978182,4.6270791952136075e-05,1.0,1.0,1.0,1.0,1.0,247.59228825569153
5e-05,128,0.0,23,1,0.1434689147923236,0.947983055866713,0.9380405125868156,0.920190053668105,0.947983055866713,0.947983055866713,5.35576073161792e-05,1.0,1.0,1.0,1.0,1.0,243.60538959503174
5e-05,128,0.0,24,1,0.1259362349071063,0.9544640671896536,0.9453849505886125,0.9298061046278309,0.9544640671896536,0.9544640671896536,4.45893092546612e-05,1.0,1.0,1.0,1.0,1.0,244.52606296539307
5e-05,128,0.0,25,1,0.11555004499793073,0.9563254755198889,0.9442410241421474,0.9363766130478671,0.9563254755198889,0.9563254755198889,9.50325883658715e-06,1.0,1.0,1.0,1.0,1.0,247.45937848091125
5e-05,128,0.0,26,1,0.15410268844946567,0.943729530391727,0.9334630485860179,0.9141739298345982,0.943729530391727,0.943729530391727,0.0005993956001475453,1.0,1.0,1.0,1.0,1.0,247.67656683921814
5e-05,128,0.0,27,1,0.14054263959051164,0.948340339927269,0.9378932781854186,0.9250408295431338,0.948340339927269,0.948340339927269,0.00011064856516895816,1.0,1.0,1.0,1.0,1.0,248.65994548797607
5e-05,128,0.0,28,1,0.11317424937724231,0.9578745132423859,0.948362219196607,0.9381678912473165,0.9578745132423859,0.9578745132423859,0.00038891061558388174,1.0,1.0,1.0,1.0,1.0,248.8422315120697
